Community,Community Description
504,Other
1,1
505,Other
3,3
287,Other
506,Other
507,Other
508,Other
98,Other
288,Other
509,Other
289,Other
510,Other
225,Other
511,Other
512,Other
290,Other
12,Other
513,Other
291,Other
79,Other
514,Other
515,Other
2,black panther just chadwick rip | panther black wakandaforever https king | cancer https panther black wakandaforever | black panther rip https chadwick | played actor https panther black
516,Other
517,Other
0,away chadwick boseman black panther | marvel away rip https death | black jackie robinson panther away | black away panther chadwick sad | death love marvel life know
518,Other
519,Other
520,Other
521,Other
522,Other
80,Other
523,Other
524,Other
525,Other
526,Other
527,Other
99,Other
13,13
528,Other
529,Other
530,Other
531,Other
532,Other
533,Other
292,Other
534,Other
81,Other
535,Other
536,Other
18,Other
20,Other
537,Other
538,Other
539,Other
469,Other
293,Other
540,Other
541,Other
294,Other
542,Other
126,Other
543,Other
544,Other
545,Other
192,Other
546,Other
295,Other
547,Other
296,Other
62,Other
15,15
548,Other
549,Other
550,Other
551,Other
297,Other
298,Other
552,Other
553,Other
554,Other
555,Other
51,Other
556,Other
127,Other
557,Other
299,Other
558,Other
559,Other
560,Other
193,Other
26,Other
300,Other
194,Other
22,Other
561,Other
562,Other
563,Other
564,Other
8,passed away rip movie think | pass comic adams neal passed | away sad passed just pass | passed https away story dccomics | chadwickboseman away passed panther black
301,Other
195,Other
60,Other
302,Other
565,Other
303,Other
566,Other
567,Other
28,Other
304,Other
305,Other
306,Other
568,Other
569,Other
196,Other
570,Other
571,Other
572,Other
307,Other
573,Other
209,Other
574,Other
575,Other
576,Other
308,Other
577,Other
309,Other
49,Other
310,Other
311,Other
578,Other
579,Other
580,Other
581,Other
197,Other
40,Other
198,Other
582,Other
82,Other
312,Other
313,Other
583,Other
584,Other
585,Other
71,Other
314,Other
586,Other
587,Other
588,Other
589,Other
128,Other
590,Other
591,Other
592,Other
593,Other
594,Other
595,Other
129,Other
199,Other
596,Other
597,Other
598,Other
599,Other
600,Other
601,Other
315,Other
130,Other
602,Other
603,Other
316,Other
317,Other
318,Other
604,Other
319,Other
605,Other
320,Other
14,Other
606,Other
321,Other
135,Other
607,Other
608,Other
398,Other
25,Other
609,Other
322,Other
610,Other
611,Other
200,Other
201,Other
612,Other
323,Other
613,Other
50,Other
614,Other
615,Other
616,Other
39,Other
617,Other
618,Other
324,Other
202,Other
203,Other
45,Other
619,Other
620,Other
325,Other
621,Other
622,Other
623,Other
624,Other
326,Other
327,Other
328,Other
625,Other
626,Other
329,Other
627,Other
204,Other
59,Other
628,Other
629,Other
630,Other
631,Other
205,Other
206,Other
632,Other
207,Other
7,Other
633,Other
634,Other
330,Other
100,Other
635,Other
636,Other
637,Other
638,Other
34,Other
4,4
639,Other
640,Other
641,Other
342,Other
131,Other
642,Other
643,Other
644,Other
208,Other
645,Other
646,Other
331,Other
647,Other
648,Other
332,Other
649,Other
83,Other
650,Other
651,Other
652,Other
653,Other
654,Other
655,Other
656,Other
657,Other
658,Other
659,Other
660,Other
333,Other
661,Other
662,Other
132,Other
334,Other
663,Other
101,Other
112,Other
664,Other
665,Other
666,Other
102,Other
667,Other
668,Other
335,Other
669,Other
670,Other
671,Other
336,Other
672,Other
673,Other
674,Other
337,Other
338,Other
33,Other
675,Other
339,Other
103,Other
676,Other
677,Other
678,Other
86,Other
133,Other
679,Other
680,Other
340,Other
341,Other
681,Other
682,Other
683,Other
684,Other
685,Other
686,Other
210,Other
343,Other
687,Other
688,Other
344,Other
689,Other
690,Other
134,Other
691,Other
211,Other
692,Other
693,Other
345,Other
694,Other
695,Other
696,Other
697,Other
698,Other
346,Other
699,Other
347,Other
212,Other
700,Other
84,Other
701,Other
702,Other
703,Other
704,Other
705,Other
706,Other
213,Other
214,Other
707,Other
708,Other
709,Other
710,Other
348,Other
711,Other
215,Other
216,Other
712,Other
713,Other
714,Other
715,Other
349,Other
21,Other
716,Other
717,Other
350,Other
72,Other
718,Other
351,Other
719,Other
720,Other
136,Other
352,Other
721,Other
722,Other
217,Other
353,Other
723,Other
354,Other
724,Other
137,Other
725,Other
726,Other
727,Other
37,Other
728,Other
355,Other
729,Other
730,Other
218,Other
731,Other
356,Other
732,Other
357,Other
733,Other
734,Other
219,Other
735,Other
46,Other
736,Other
737,Other
738,Other
739,Other
358,Other
359,Other
73,Other
740,Other
360,Other
741,Other
742,Other
743,Other
744,Other
745,Other
220,Other
746,Other
747,Other
748,Other
749,Other
750,Other
751,Other
752,Other
138,Other
753,Other
754,Other
85,Other
361,Other
755,Other
756,Other
757,Other
362,Other
363,Other
758,Other
759,Other
760,Other
761,Other
139,Other
762,Other
364,Other
763,Other
365,Other
140,Other
764,Other
765,Other
766,Other
366,Other
767,Other
768,Other
367,Other
221,Other
145,Other
769,Other
368,Other
770,Other
771,Other
772,Other
773,Other
774,Other
369,Other
104,Other
370,Other
10,passed away marvelstudios chadwick black | passed away death chadwickboseman marvelstudios | amp passed saying tchalla escaflowneclown | away passed sadly feel marvelfanspakistan | black death pass panther marvelstudios
371,Other
775,Other
776,Other
777,Other
778,Other
222,Other
372,Other
779,Other
780,Other
373,Other
781,Other
782,Other
783,Other
141,Other
784,Other
41,Other
785,Other
374,Other
223,Other
224,Other
786,Other
787,Other
788,Other
17,actor kidnoble away watch tell | death told years away played | challa chadwick kidnoble cancer lives | movies wakanda chadwick movie played | death told away kidnoble chadwick
105,Other
789,Other
790,Other
791,Other
792,Other
793,Other
794,Other
795,Other
375,Other
796,Other
797,Other
376,Other
798,Other
799,Other
800,Other
801,Other
802,Other
803,Other
804,Other
805,Other
806,Other
807,Other
808,Other
68,Other
809,Other
810,Other
811,Other
812,Other
813,Other
377,Other
814,Other
378,Other
142,Other
379,Other
815,Other
226,Other
380,Other
816,Other
817,Other
818,Other
819,Other
820,Other
23,Other
821,Other
36,Other
822,Other
95,Other
823,Other
824,Other
825,Other
826,Other
827,Other
143,Other
828,Other
144,Other
186,Other
829,Other
154,Other
830,Other
381,Other
831,Other
53,Other
832,Other
76,Other
833,Other
382,Other
5,5
834,Other
835,Other
227,Other
836,Other
228,Other
146,Other
383,Other
384,Other
229,Other
16,Other
837,Other
838,Other
385,Other
386,Other
839,Other
387,Other
840,Other
6,people just right think die | recast away especially recasted marvel | away just tchalla sadly think | away just tchalla sadly think | marvel_updat3s away sadly character actor
44,Other
841,Other
842,Other
843,Other
844,Other
845,Other
61,Other
846,Other
230,Other
847,Other
65,Other
848,Other
231,Other
19,Other
232,Other
849,Other
850,Other
63,Other
388,Other
29,Other
851,Other
852,Other
853,Other
233,Other
854,Other
389,Other
42,Other
855,Other
147,Other
856,Other
857,Other
234,Other
235,Other
390,Other
87,Other
236,Other
858,Other
148,Other
149,Other
859,Other
391,Other
860,Other
237,Other
238,Other
861,Other
862,Other
392,Other
150,Other
863,Other
52,cousin virus away good life | death pass babies don life | passed away babies pass don | passed away babies pass don | passed away babies pass don
239,Other
108,Other
864,Other
152,Other
393,Other
240,Other
865,Other
866,Other
241,Other
151,Other
867,Other
868,Other
394,Other
395,Other
106,Other
242,Other
869,Other
153,Other
243,Other
24,Other
870,Other
871,Other
74,Other
872,Other
244,Other
396,Other
873,Other
397,Other
874,Other
31,away passed black panther did | year marvel sadly like https | year marvel sadly like https | year marvel sadly like https | movies panther black passed away
875,Other
876,Other
399,Other
877,Other
878,Other
879,Other
245,Other
880,Other
246,Other
881,Other
155,Other
882,Other
47,Other
247,Other
883,Other
88,Other
884,Other
885,Other
248,Other
886,Other
887,Other
400,Other
75,Other
888,Other
889,Other
401,Other
890,Other
402,Other
107,Other
249,Other
403,Other
404,Other
891,Other
892,Other
250,Other
893,Other
894,Other
895,Other
251,Other
896,Other
405,Other
406,Other
897,Other
156,Other
89,Other
407,Other
898,Other
157,Other
899,Other
109,Other
408,Other
43,Other
409,Other
35,Other
158,Other
252,Other
900,Other
901,Other
902,Other
903,Other
904,Other
258,Other
259,Other
253,Other
64,Other
905,Other
906,Other
410,Other
907,Other
908,Other
909,Other
159,Other
910,Other
911,Other
912,Other
411,Other
254,Other
255,Other
412,Other
97,Other
913,Other
413,Other
256,Other
914,Other
915,Other
916,Other
917,Other
918,Other
919,Other
920,Other
921,Other
922,Other
923,Other
257,Other
160,Other
924,Other
161,Other
925,Other
926,Other
927,Other
928,Other
414,Other
929,Other
930,Other
415,Other
162,Other
931,Other
187,Other
932,Other
110,Other
933,Other
934,Other
416,Other
417,Other
418,Other
419,Other
420,Other
935,Other
936,Other
937,Other
260,Other
938,Other
939,Other
163,Other
940,Other
421,Other
941,Other
11,away boseman chadwick chadwickboseman panther | chadwick away panther black boseman | chadwickboseman hero sad away boseman | sad away boseman chadwick chadwickboseman | sad away boseman chadwick chadwickboseman
942,Other
943,Other
422,Other
944,Other
945,Other
423,Other
111,Other
424,Other
946,Other
947,Other
425,Other
426,Other
427,Other
428,Other
429,Other
948,Other
949,Other
950,Other
164,Other
951,Other
430,Other
952,Other
431,Other
953,Other
90,Other
77,Other
432,Other
954,Other
433,Other
66,Other
955,Other
956,Other
165,Other
957,Other
434,Other
958,Other
959,Other
166,Other
960,Other
435,Other
436,Other
961,Other
962,Other
963,Other
964,Other
965,Other
966,Other
967,Other
968,Other
167,Other
168,Other
969,Other
970,Other
261,Other
971,Other
972,Other
973,Other
974,Other
169,Other
975,Other
976,Other
977,Other
978,Other
170,Other
979,Other
980,Other
981,Other
67,Other
69,Other
437,Other
438,Other
982,Other
439,Other
983,Other
984,Other
985,Other
986,Other
440,Other
262,Other
987,Other
38,Other
988,Other
441,Other
442,Other
443,Other
989,Other
990,Other
991,Other
992,Other
993,Other
171,Other
444,Other
994,Other
263,Other
995,Other
996,Other
997,Other
998,Other
999,Other
1000,Other
91,Other
1001,Other
172,Other
113,Other
1002,Other
1003,Other
445,Other
1004,Other
1005,Other
446,Other
1006,Other
1007,Other
1008,Other
1009,Other
1010,Other
1011,Other
1012,Other
1013,Other
1014,Other
1015,Other
1016,Other
264,Other
447,Other
1017,Other
1018,Other
1019,Other
1020,Other
1021,Other
114,Other
1022,Other
1023,Other
1024,Other
1025,Other
448,Other
449,Other
1026,Other
1027,Other
1028,Other
1029,Other
1030,Other
265,Other
1031,Other
1032,Other
450,Other
27,Other
1033,Other
1034,Other
1035,Other
173,Other
78,Other
266,Other
451,Other
1036,Other
174,Other
1037,Other
452,Other
54,Other
1038,Other
1039,Other
1040,Other
1041,Other
115,Other
55,panther black actor pass mean | passed just away panther black | panther black away passed fortnitegame | just passed marvel didn johnslpaul | actor just rip know movie
117,Other
270,Other
1042,Other
453,Other
454,Other
57,Other
455,Other
456,Other
32,Other
1043,Other
1044,Other
175,Other
92,Other
1045,Other
116,Other
1046,Other
1047,Other
1048,Other
176,Other
177,Other
1049,Other
1050,Other
1051,Other
267,Other
1052,Other
1053,Other
1054,Other
268,Other
1055,Other
1056,Other
457,Other
1057,Other
269,Other
1058,Other
458,Other
1059,Other
1060,Other
1061,Other
1062,Other
1063,Other
1064,Other
1065,Other
1066,Other
1067,Other
459,Other
1068,Other
460,Other
1069,Other
1070,Other
461,Other
1071,Other
1072,Other
462,Other
463,Other
1073,Other
1074,Other
1075,Other
1076,Other
1077,Other
464,Other
1078,Other
271,Other
1079,Other
1080,Other
1081,Other
1082,Other
1083,Other
118,Other
272,Other
465,Other
466,Other
467,Other
1084,Other
1085,Other
1086,Other
48,Other
1087,Other
178,Other
474,Other
1088,Other
1089,Other
468,Other
1090,Other
1091,Other
1092,Other
1093,Other
1094,Other
470,Other
1095,Other
179,Other
1096,Other
1097,Other
273,Other
1098,Other
1099,Other
1100,Other
1101,Other
1102,Other
124,Other
119,Other
1103,Other
471,Other
1104,Other
1105,Other
1106,Other
472,Other
1107,Other
274,Other
180,Other
1108,Other
1109,Other
9,Other
473,Other
181,Other
122,Other
1110,Other
1111,Other
1112,Other
1113,Other
475,Other
275,Other
1114,Other
1115,Other
476,Other
276,Other
277,Other
1116,Other
1117,Other
278,Other
477,Other
182,Other
1118,Other
1119,Other
1120,Other
1121,Other
1122,Other
1123,Other
1124,Other
1125,Other
1126,Other
56,really passed panther black away | away passed chadwick challa panther | netflix panther passed away black | black person movie really pass | role sadly tragic potential pretty
1127,Other
1128,Other
1129,Other
1130,Other
1131,Other
1132,Other
120,Other
183,Other
1133,Other
121,Other
93,Other
1134,Other
1135,Other
1136,Other
1137,Other
1138,Other
1139,Other
1140,Other
1141,Other
1142,Other
478,Other
1143,Other
1144,Other
1145,Other
1146,Other
1147,Other
1148,Other
1149,Other
279,Other
1150,Other
280,Other
1151,Other
1152,Other
1153,Other
184,Other
479,Other
1154,Other
480,Other
1155,Other
1156,Other
1157,Other
1158,Other
1159,Other
1160,Other
1161,Other
1162,Other
281,Other
1163,Other
58,Other
1164,Other
1165,Other
1166,Other
481,Other
482,Other
1167,Other
483,Other
1168,Other
1169,Other
1170,Other
484,Other
1171,Other
485,Other
1172,Other
1173,Other
282,Other
70,Other
486,Other
1174,Other
1175,Other
1176,Other
1177,Other
487,Other
94,Other
488,Other
489,Other
1178,Other
188,Other
490,Other
1179,Other
185,Other
1180,Other
1181,Other
491,Other
492,Other
1182,Other
1183,Other
1184,Other
493,Other
1185,Other
283,Other
1186,Other
1187,Other
1188,Other
1189,Other
1190,Other
1191,Other
1192,Other
1193,Other
1194,Other
1195,Other
1196,Other
1197,Other
1198,Other
1199,Other
1200,Other
1201,Other
1202,Other
494,Other
1203,Other
123,Other
1204,Other
1205,Other
1206,Other
1207,Other
96,Other
1208,Other
1209,Other
1210,Other
1211,Other
1212,Other
495,Other
1213,Other
1214,Other
30,Other
1215,Other
1216,Other
1217,Other
496,Other
497,Other
1218,Other
1219,Other
1220,Other
1221,Other
189,Other
1222,Other
284,Other
1223,Other
1224,Other
498,Other
285,Other
1225,Other
499,Other
1226,Other
1227,Other
190,Other
1228,Other
1229,Other
1230,Other
1231,Other
500,Other
1232,Other
191,Other
1233,Other
1234,Other
1235,Other
286,Other
501,Other
1236,Other
1237,Other
125,Other
1238,Other
1239,Other
502,Other
503,Other
1240,Other
1241,Other
